event,description,latitude,longitude,event_url,start_date_time,end_date_time,image_logo,venue,address
PRIME Music Festival - Raleigh,"PRIME MUSIC FESTIVAL - RALEIGH, NC Ft. Zeds Dead, Trippie Redd, Matoma, MadeinTYO, Justin Caruso, LU..",35.7738011,-78.6430874,https://www.eventbrite.com/e/prime-music-festival-raleigh-tickets-44037322818?aff=ebapi,2018-04-14T16:00:00,2018-04-14T23:00:00,https://img.evbuc.com/https%3A%2F%2Fcdn.evbuc.com%2Fimages%2F42095687%2F107981700581%2F1%2Foriginal.jpg?h=200&w=450&rect=0%2C0%2C2160%2C1080&s=272af37b9b690ca21a5d70481181c21d,Red Hat Amphitheater,"500 South McDowell Street, Raleigh, NC 27601"
"CHIEF OBI at THE RICH N CULTURE AFRICAN GALA, OFFICIAL OWANBE",MC ONE NIGERIA'S FINEST CELEBRITY COMEDIANS/ARTIST CHIEF OBI MUSIC BY CONGO BRAZAVILLE OWN DJ SARKO ..,35.8857022,-78.5803682,https://www.eventbrite.com/e/chief-obi-at-the-rich-n-culture-african-gala-official-owanbe-tickets-43775728382?aff=ebapi,2018-04-14T20:00:00,2018-04-15T02:00:00,https://img.evbuc.com/https%3A%2F%2Fcdn.evbuc.com%2Fimages%2F42038058%2F142207233921%2F1%2Foriginal.jpg?h=200&w=450&rect=6%2C0%2C748%2C374&s=4e54227aec31f023d50978013f66df79,Carolina Events & Cultural Center,"3209 Gresham Lake Road ## 146, Raleigh, NC 27615"
@Hiphopmedia_nc Presents Trap N Paint @the Lynk Glenwood,A REAL Trap N Paint is finally in Raleigh Get all tha girls and get ready to come down and turn up o..,35.7857626,-78.6468162,https://www.eventbrite.com/e/hiphopmedia-nc-presents-trap-n-paint-the-lynk-glenwood-tickets-43914538567?aff=ebapi,2018-04-11T19:00:00,2018-04-12T02:00:00,https://img.evbuc.com/https%3A%2F%2Fcdn.evbuc.com%2Fimages%2F42383028%2F238653547095%2F1%2Foriginal.jpg?h=200&w=450&rect=0%2C73%2C2100%2C1050&s=1ac40c576f5b52acf99a0e8762109577,The Lynk,"410 Glenwood Avenue #140, Raleigh, NC 27603"
Krimson Kouture,KRIMSON ALERT!! Please keep fresh in your minds!! Join the Knightdale-Wake Forest Alumnae Chapter of..,35.7748304,-78.6391674,https://www.eventbrite.com/e/krimson-kouture-tickets-43670863729?aff=ebapi,2018-04-14T22:00:00,2018-04-15T02:00:00,https://img.evbuc.com/https%3A%2F%2Fcdn.evbuc.com%2Fimages%2F41808357%2F49146556454%2F1%2Foriginal.jpg?h=200&w=450&rect=0%2C18%2C1274%2C637&s=4af0dca26071b1c260621e10a6079b30,Tulum Restaurante & Bar,"411 Fayetteville Street, Raleigh, NC 27601"
Brian Dawson Presents- Solas On Fridays!!!!,Friday nights haven't been the same since BD Entertainment started Solas On Fridays. It is the most ..,35.785683,-78.647758,https://www.eventbrite.com/e/brian-dawson-presents-solas-on-fridays-tickets-42970149875?aff=ebapi,2018-04-13T22:00:00,2018-04-14T02:00:00,https://img.evbuc.com/https%3A%2F%2Fcdn.evbuc.com%2Fimages%2F40647753%2F26290756%2F1%2Foriginal.jpg?h=200&w=450&rect=0%2C829%2C1748%2C874&s=8bf275bd1f70fdb6e10ad0191d82f1e6,Solas,"419 Glenwood Avenue, Raleigh, NC 27603"
Ultra Mas - Soca Frenzy & Costume Reveal,ULTRA MAS BAND PRESENTS ☯ FRIDAY APRIL 13TH ☯ ✭✮✯✰☆ SOCA FRENZY & COSTUME REVEAL ☆✰✯✮✭ LIVE MODELS┃C..,35.8147047,-78.6251792,https://www.eventbrite.com/e/ultra-mas-soca-frenzy-costume-reveal-tickets-44199931184?aff=ebapi,2018-04-13T22:00:00,2018-04-14T03:00:00,https://img.evbuc.com/https%3A%2F%2Fcdn.evbuc.com%2Fimages%2F42230170%2F248697948148%2F1%2Foriginal.jpg?h=200&w=450&rect=21%2C176%2C574%2C287&s=93b8191eed8fd00ae7d734547a95ec4f,Reign Lounge,"808 W Hodges Street, Raleigh, NC 27608"
POOLED by Moses T. Alexander Greene,"Under the music direction of Carolyn Colquitt and with a score of soul-cleansing gospel, sultry R&B,..",35.8735554,-78.7024401,https://www.eventbrite.com/e/pooled-by-moses-t-alexander-greene-tickets-43978979311?aff=ebapi,2018-04-15T16:00:00,2018-04-15T18:00:00,https://img.evbuc.com/https%3A%2F%2Fcdn.evbuc.com%2Fimages%2F42042118%2F141953547460%2F1%2Foriginal.jpg?h=200&w=450&rect=0%2C782%2C1564%2C782&s=48a1746a735f241a2f5ca9fbea85de89,Baptist Grove Church,"7109 Leesville Road, Raleigh, NC 27613"
FFT presents Dining with Christian Season 5 MasterChef Finalist - North Carolina,The Dining event you’ve been waiting for is finally here! Food Fashion Taste presents the City to Ci..,35.7874185,-78.8272897,https://www.eventbrite.com/e/fft-presents-dining-with-christian-season-5-masterchef-finalist-north-carolina-tickets-41541073469?aff=ebapi,2018-04-14T20:00:00,2018-04-14T22:30:00,https://img.evbuc.com/https%3A%2F%2Fcdn.evbuc.com%2Fimages%2F42042118%2F141953547460%2F1%2Foriginal.jpg?h=200&w=450&rect=0%2C782%2C1564%2C782&s=48a1746a735f241a2f5ca9fbea85de89,Baptist Grove Church,"7109 Leesville Road, Raleigh, NC 27613"
The Underground | 5th Annual Fashion Show Fundraiser,"Last year, Anthem, Fashion with Purpose fashion showcased a new chapter in our young people's lives...",35.7783611,-78.6359778,https://www.eventbrite.com/e/the-underground-5th-annual-fashion-show-fundraiser-tickets-43361888576?aff=ebapi,2018-04-14T18:30:00,2018-04-14T21:00:00,https://img.evbuc.com/https%3A%2F%2Fcdn.evbuc.com%2Fimages%2F41171504%2F204831681789%2F1%2Foriginal.jpg?h=200&w=450&rect=0%2C394%2C1500%2C750&s=335692dabd64bbc34864e90927e3432c,IMAX's Venture Hall @ Marbles Kids Museum,"201 East Hargett Street, Raleigh, NC 27601"
"Consuming Fire Conference - Raleigh/Durham, NC 2018",Come be a part of the Consuming Fire Conference at Catch the Fire Raleigh/Durham. We are expecting t..,35.9251,-78.8141,https://www.eventbrite.com/e/consuming-fire-conference-raleighdurham-nc-2018-tickets-38772380233?aff=ebapi,2018-04-12T19:00:00,2018-04-14T22:00:00,https://img.evbuc.com/https%3A%2F%2Fcdn.evbuc.com%2Fimages%2F38230705%2F31606371655%2F1%2Foriginal.jpg?h=200&w=450&rect=0%2C60%2C1920%2C960&s=aa2fd72fe44753572ea5bea6f83d6bbd,Catch the Fire Worship Center,"2304 Page Rd, Durham, NC 27703"
The Queen's Guard: 7:00PM SHOW,"ABOUT THE ARTISTS A community of artists seasoned in the Gospel, R&B and Funk scenes across the coun..",35.996634,-78.903935,https://www.eventbrite.com/e/the-queens-guard-700pm-show-tickets-43890347210?aff=ebapi,2018-04-14T19:00:00,2018-04-14T20:00:00,https://img.evbuc.com/https%3A%2F%2Fcdn.evbuc.com%2Fimages%2F41803999%2F169638655073%2F1%2Foriginal.jpg?h=200&w=450&rect=0%2C36%2C810%2C405&s=c7b5334cc8d8de38f266cc8b12e2995d,Beyu Caffe,"341 West Main Street, Durham, NC 27701"
The Queen's Guard: 9:00PM SHOW,"ABOUT THE ARTISTS A community of artists seasoned in the Gospel, R&B and Funk scenes across the coun..",35.996634,-78.903935,https://www.eventbrite.com/e/the-queens-guard-900pm-show-tickets-43890626044?aff=ebapi,2018-04-14T21:00:00,2018-04-14T22:00:00,https://img.evbuc.com/https%3A%2F%2Fcdn.evbuc.com%2Fimages%2F41804099%2F169638655073%2F1%2Foriginal.jpg?h=200&w=450&rect=0%2C36%2C810%2C405&s=4129095b0723d59baa651ced74cb9685,Beyu Caffe,"341 West Main Street, Durham, NC 27701"
Soul of the Bull Food Truck & Vendor Festival Series,"SATURDAY APRIL 15TH 2PM-7PM 800 N MANGUM ST. DURHAM, NC THE SOUL OF THE BULL FESTIVAL SERIES IS HELD..",36.001505,-78.8949526,https://www.eventbrite.com/e/soul-of-the-bull-food-truck-vendor-festival-series-tickets-44240559705?aff=ebapi,2018-04-15T14:00:00,2018-04-15T19:00:00,https://img.evbuc.com/https%3A%2F%2Fcdn.evbuc.com%2Fimages%2F42291371%2F221981278477%2F1%2Foriginal.jpg?h=200&w=450&rect=0%2C0%2C1798%2C899&s=0d2b7f088e2816d0c9ca92980e18392c,800 N Mangum St,"800 North Mangum Street, Durham, NC 27701"
20/20 Sisters of Vision: Celebrating A Decade of Giving,AFRICAN AMERICAN WOMEN IN PHILANTHROPY20/20 Sisters of Vision (A Giving Circle Established in 2008) ..,35.9443735,-78.9058527,https://www.eventbrite.com/e/2020-sisters-of-vision-celebrating-a-decade-of-giving-tickets-43180362627?aff=ebapi,2018-04-14T13:00:00,2018-04-14T15:00:00,https://img.evbuc.com/https%3A%2F%2Fcdn.evbuc.com%2Fimages%2F40932066%2F203208412894%2F1%2Foriginal.jpg?h=200&w=450&rect=0%2C449%2C3300%2C1650&s=e34c1f2ff2982d61e94a1bd3c6295e0b,Ivy Community Center,"4222 Fayetteville St, Durham, NC 27713"
BLISS: MAIN EVENT'S OFFICIAL ALL WHITE AFFAIR,"A dab of ELEGANCE, a touch of CLASS, a pinch of SEXY, and expectations to exceed the status quo. The..",35.9940329,-78.898619,https://www.eventbrite.com/e/bliss-main-events-official-all-white-affair-tickets-43113273963?aff=ebapi,2018-04-14T22:00:00,2018-04-15T03:00:00,https://img.evbuc.com/https%3A%2F%2Fcdn.evbuc.com%2Fimages%2F41073347%2F188272696643%2F1%2Foriginal.jpg?h=200&w=450&rect=0%2C150%2C1200%2C600&s=1d8d43409dcf56b8c57c0cb5ea8f6530,Durham,"Durham, NC"
NOTHING BUT R&B VOLUME II - A KING VS. A PRINCE,"Nothing But R&B is back! The first time we did it, we didn't stop dancing until 3am! Well get ready ..",35.9523751,-78.9969168,https://www.eventbrite.com/e/nothing-but-rb-volume-ii-a-king-vs-a-prince-tickets-43706773135?aff=ebapi,2018-04-14T22:00:00,2018-04-15T02:00:00,https://img.evbuc.com/https%3A%2F%2Fcdn.evbuc.com%2Fimages%2F41985993%2F134174199563%2F1%2Foriginal.jpg?h=200&w=450&rect=0%2C180%2C750%2C375&s=dd9a0b62455642a3dec6f520773023fe,UPTOWN BAR & LOUNGE,"5504 DURHAM CHAPEL HILL BLVD, DURHAM, NC 27707"
Pints for Paws Craft Beverage Festival,"Saving Animals One Pint at a Time Join us at our new Pints for Paws craft beverage event, sample a s..",36.0196814,-78.9106428,https://www.eventbrite.com/e/pints-for-paws-craft-beverage-festival-tickets-43327831711?aff=ebapi,2018-04-14T12:00:00,2018-04-14T16:00:00,https://img.evbuc.com/https%3A%2F%2Fcdn.evbuc.com%2Fimages%2F41116576%2F1579505682%2F1%2Foriginal.jpg?h=200&w=450&rect=0%2C209%2C600%2C300&s=96c17359b8091d66d0632f1ab96c116c,Northgate Plaza,"1058 West Club Boulevard, Durham, NC 27701"
Comedy Showcase 2018,2018 Comedy Showcase Virginia State University Alumini Association - Greater Triangle Area Chapter i..,36.015767,-78.9189648,https://www.eventbrite.com/e/comedy-showcase-2018-tickets-42929954650?aff=ebapi,2018-04-14T19:00:00,2018-04-14T22:00:00,https://img.evbuc.com/https%3A%2F%2Fcdn.evbuc.com%2Fimages%2F40590535%2F243885609946%2F1%2Foriginal.jpg?h=200&w=450&rect=39%2C198%2C648%2C324&s=f986d7c4c009e2ca6059400e80ee754b,The Vault,"1104 Broad Street, Durham, NC 27705"
KIDS YOGA | Honeysuckle Tea House ,During this 45-minute weekly parent-child yoga class you and your child(ren) will bond as we go on a..,35.9434862,-79.1528889,https://www.eventbrite.com/e/kids-yoga-honeysuckle-tea-house-tickets-44407694610?aff=ebapi,2018-04-13T09:30:00,2018-04-13T10:15:00,https://img.evbuc.com/https%3A%2F%2Fcdn.evbuc.com%2Fimages%2F42525093%2F188789873717%2F1%2Foriginal.jpg?h=200&w=450&rect=0%2C408%2C3264%2C1632&s=3aec54b12dd9eacb3db043bc87225164,The Honeysuckle Tea House,"8871 Pickards Meadow Road, Chapel Hill, NC 27516"
The Listening Soundtrack & Dance Party - Every Second Saturday,"After 4 years A.C.T. Productions is bringing back THE LISTENING to DURHAM, NC. We will be showcasing..",35.9658692,-78.9633656,https://www.eventbrite.com/e/the-listening-soundtrack-dance-party-every-second-saturday-tickets-43584991884?aff=ebapi,2018-04-14T22:00:00,2018-04-15T02:00:00,https://img.evbuc.com/https%3A%2F%2Fcdn.evbuc.com%2Fimages%2F41995601%2F86848715%2F1%2Foriginal.jpg?h=200&w=450&rect=0%2C1050%2C2100%2C1050&s=0fa5f94dd92e93970cbafb111fecd417,K-mix Bar,"3400 Westgate Drive, Durham, NC 27707"
SUSO-NC's Women's Benefit Concert-14th YR Anniversary Celebration,"""When women come together we shake up the atmosphere and create a lasting impact through our voice a..",35.952625,-78.997107,https://www.eventbrite.com/e/suso-ncs-womens-benefit-concert-14th-yr-anniversary-celebration-tickets-44184701632?aff=ebapi,2018-04-14T19:00:00,2018-04-14T21:30:00,https://img.evbuc.com/https%3A%2F%2Fcdn.evbuc.com%2Fimages%2F42203264%2F45762397009%2F1%2Foriginal.jpg?h=200&w=450&rect=0%2C338%2C2100%2C1050&s=e60f7c716a76f6adcfb39a5341a10bb5,Uptown Bar and Lounge,"5504 Durham-Chapel Hill Boulevard, Durham, NC 27707"
Kids Yoga | Toddler Class (Fridays),During this 45-minute weekly parent-child yoga class you and your child(ren) will bond as we go on a..,35.9258779,-79.0328107,https://www.eventbrite.com/e/kids-yoga-toddler-class-fridays-tickets-43712837273?aff=ebapi,2018-04-13T09:30:00,2018-04-13T10:15:00,https://img.evbuc.com/https%3A%2F%2Fcdn.evbuc.com%2Fimages%2F41586409%2F188789873717%2F1%2Foriginal.jpg?h=200&w=450&rect=0%2C381%2C4032%2C2016&s=7252bfcd6d88cdef1b5d1ef69b8f9836,Chapel Hill Community Center,"120 South Estes Drive, Chapel Hill, NC 27514"
Sony Music Competition & After party ,SONY MUSIC will be auditioning new talent and giving an opportunity for multiple groups to get a dig..,36.04044,-79.799386,https://www.eventbrite.com/e/sony-music-competition-after-party-tickets-44310135809?aff=ebapi,2018-04-14T19:00:00,2018-04-14T22:00:00,https://img.evbuc.com/https%3A%2F%2Fcdn.evbuc.com%2Fimages%2F42382498%2F196782810342%2F1%2Foriginal.jpg?h=200&w=450&rect=0%2C464%2C1200%2C600&s=433b6a9b340aeae755e806b35a780ddf,Meridian Convention Center,"312 West Meadowview Road, Greensboro, NC 27406"
GAMETIME Thursdays @ Studio 405,"Each and every Thursday join us at Studio 405 for good music, food and drinks. Pool tables, full bar..",36.0174672,-79.8046321,https://www.eventbrite.com/e/gametime-thursdays-studio-405-tickets-37697619595?aff=ebapi,2018-04-12T22:00:00,2018-04-13T02:00:00,https://img.evbuc.com/https%3A%2F%2Fcdn.evbuc.com%2Fimages%2F35250712%2F225515341956%2F1%2Foriginal.jpg?h=200&w=450&rect=0%2C0%2C2160%2C1080&s=1fbf861fde0a6bbb3ee3edd9c8f1d589,Studio 405,"405 Rocky Knoll Rd, Greensboro, NC 27407"
★-★ Pretty Devastating ★-★ The Official Aggiefest Gym Jam ,"PHIRST EMPIRE ENT PRESENTS: "" PRETTY DEVASTATING"" THE OFFICIAL AGGIE FEST GYM JAM FRIDAY APRIL 13TH ..",36.0881032,-79.7513977,https://www.eventbrite.com/e/-pretty-devastating-the-official-aggiefest-gym-jam-tickets-42988597051?aff=ebapi,2018-04-13T22:00:00,2018-04-14T02:00:00,https://img.evbuc.com/https%3A%2F%2Fcdn.evbuc.com%2Fimages%2F41378449%2F239978156909%2F1%2Foriginal.jpg?h=200&w=450&rect=0%2C306%2C1200%2C600&s=4fea561b4cf07c403a63a3537b0b2443,Triad Basketball Academy of Greensboro,"805 Waugh Street, Greensboro, NC 27405"
An Evening with Mark G. Meadows,"Join Mark G. Meadows, awarded best album and composer of 2016 as well as artist of the year in 2014 ..",36.0846452,-79.8038049,https://www.eventbrite.com/e/an-evening-with-mark-g-meadows-tickets-44037507370?aff=ebapi,2018-04-14T18:00:00,2018-04-14T19:00:00,https://img.evbuc.com/https%3A%2F%2Fcdn.evbuc.com%2Fimages%2F41999164%2F20133319562%2F1%2Foriginal.jpg?h=200&w=450&rect=0%2C328%2C1200%2C600&s=9f951b16c7d281bbf2b79a2a2483eab0,The Tiny Greenhouse,"1331 Beaman Place, Greensboro, NC 27408"
"An Evening with Mark G. Meadows, 8PM set","Join Mark G. Meadows, awarded best album and composer of 2016 as well as artist of the year in 2014 ..",36.0846452,-79.8038049,https://www.eventbrite.com/e/an-evening-with-mark-g-meadows-8pm-set-tickets-44037533448?aff=ebapi,2018-04-14T20:00:00,2018-04-14T21:00:00,https://img.evbuc.com/https%3A%2F%2Fcdn.evbuc.com%2Fimages%2F41999266%2F20133319562%2F1%2Foriginal.jpg?h=200&w=450&rect=0%2C312%2C1124%2C562&s=e8b9e8eb287b3c234f53b10dae682692,The Tiny Greenhouse,"1331 Beaman Place, Greensboro, NC 27408"
NO FACE NO CASE: The Aggie Fest No Cell Phone Party,Damn Right x JasCity Ent x Evid Ent NO FACE NO CASE OFFICIAL AGGIEFEST NO CELL PHONE PARTY DJ K Grad..,36.0364278,-79.8567329,https://www.eventbrite.com/e/no-face-no-case-the-aggie-fest-no-cell-phone-party-tickets-43684289887?aff=ebapi,2018-04-13T22:00:00,2018-04-14T02:00:00,https://img.evbuc.com/https%3A%2F%2Fcdn.evbuc.com%2Fimages%2F42340662%2F245339859933%2F1%2Foriginal.jpg?h=200&w=450&rect=0%2C86%2C1600%2C800&s=b02d36d54d1dcf2b2b6e17d0a3cf3215,Royal Ball,"3821 W Gate City Bvld, Greensboro, NC 27407"
Culture Clash Glow Party,"You Wanted It, YOU GOT IT!!! The Fourth Installment Is Coming For Aggie Fest 2018!!! Get Your Flags ..",36.0626556,-79.7917232,https://www.eventbrite.com/e/culture-clash-glow-party-tickets-44188825968?aff=ebapi,2018-04-14T22:00:00,2018-04-15T02:00:00,https://img.evbuc.com/https%3A%2F%2Fcdn.evbuc.com%2Fimages%2F42532298%2F76208719769%2F1%2Foriginal.jpg?h=200&w=450&rect=0%2C787%2C2550%2C1275&s=870a3a5d0b2f7ec63cb1fd26cd549df8,Silo,"816 South Elm Street, Greensboro, NC 27406"
Triad DJ & Events Presents: Back to the 80's Glow Dance Party,"Triad DJ & Events presents Back to the 80's-Glow Dance Party! Friday, April 13th The Public, Downtow..",36.0673906,-79.7962577,https://www.eventbrite.com/e/triad-dj-events-presents-back-to-the-80s-glow-dance-party-tickets-42994560889?aff=ebapi,2018-04-13T21:00:00,2018-04-14T01:00:00,https://img.evbuc.com/https%3A%2F%2Fcdn.evbuc.com%2Fimages%2F41411728%2F244130702669%2F1%2Foriginal.jpg?h=200&w=450&rect=0%2C27%2C1650%2C825&s=b67d4af326eb97dcf9f95ffd60abeecf,The Public,"433 Spring Garden Street #105, Greensboro, NC 27401"
Slaying Ghosts,JOYEMOVEMENT dance company brings dance to the Black Box Theater at Caldcleugh Multicultural Arts Ce..,36.0495469,-79.802046,https://www.eventbrite.com/e/slaying-ghosts-tickets-44040350875?aff=ebapi,2018-04-14T20:00:00,2018-04-14T21:30:00,https://img.evbuc.com/https%3A%2F%2Fcdn.evbuc.com%2Fimages%2F42003052%2F168666100515%2F1%2Foriginal.jpg?h=200&w=450&rect=0%2C446%2C5054%2C2527&s=a576669d15496e230ee293c2904b3a5d,Caldcleugh Multicultural Center,"1700 Orchard Street, Greensboro, NC 27406"
Sunday Jazz Picnic presented by BHHS: Alfred Clemonts,Special thanks to our presenting sponsor Berkshire Hathaway HomeServices Yost & Little Realty - Frie..,36.0747062,-79.7880926,https://www.eventbrite.com/e/sunday-jazz-picnic-presented-by-bhhs-alfred-clemonts-tickets-44078697571?aff=ebapi,2018-04-15T18:00:00,2018-04-15T19:30:00,https://img.evbuc.com/https%3A%2F%2Fcdn.evbuc.com%2Fimages%2F42050276%2F190438067876%2F1%2Foriginal.jpg?h=200&w=450&rect=0%2C258%2C958%2C479&s=4286a61cd73c1541aca83bdc302fac61,LeBauer Park,"208 North Davie Street, Greensboro, NC 27401"
Best Acapella Group in the Triad - 2018,"Do you love acapella singing (gospel, barber shop, chorus, etc.)? Do you want to help raise funds fo..",36.0144783,-79.9766504,https://www.eventbrite.com/e/best-acapella-group-in-the-triad-2018-tickets-42216231886?aff=ebapi,2018-04-14T14:00:00,2018-04-14T17:00:00,https://img.evbuc.com/https%3A%2F%2Fcdn.evbuc.com%2Fimages%2F39646730%2F201740033690%2F1%2Foriginal.jpg?h=200&w=450&rect=0%2C8%2C266%2C133&s=0069688fbc32ba0abe64a673146b6e02,Deep River Church of Christ,"2067 Deep River Road, High Point, NC 27265"
The Space Heater: Erin the LMBT at Ciao Bella Beauty Bar,Let's do brunch! Many of my clients know me for my mobile massage services and now I will be expandi..,36.0676041,-79.7568107,https://www.eventbrite.com/e/the-space-heater-erin-the-lmbt-at-ciao-bella-beauty-bar-tickets-42823494224?aff=ebapi,2018-04-14T11:00:00,2018-04-14T14:00:00,https://img.evbuc.com/https%3A%2F%2Fcdn.evbuc.com%2Fimages%2F40453098%2F88955202915%2F1%2Foriginal.jpg?h=200&w=450&rect=0%2C37%2C1200%2C600&s=c28f24e3deaaf9eb83e8971bfe9130f8,205 S Lyndon St Suite 16,"Greensboro, NC 27401"
SPILL PARTY Presents- NEON SAFARI TOUR,"""NEON SAFARI TOUR"" Saturday April, 14th 10pm-2am at Arizona Petes in Greensboro N.C. Our last party ..",36.0575382,-79.8441356,https://www.eventbrite.com/e/spill-party-presents-neon-safari-tour-tickets-44340296019?aff=ebapi,2018-04-14T22:00:00,2018-04-15T02:00:00,https://img.evbuc.com/https%3A%2F%2Fcdn.evbuc.com%2Fimages%2F42428186%2F107685114913%2F1%2Foriginal.jpg?h=200&w=450&rect=0%2C172%2C750%2C375&s=1913a04bd73800fdc3f2222baf4675f1,Arizona Pete's,"2900 Patterson Street #A, Greensboro, NC 27407"
The War And Treaty,Tickets go on sale 02/23 @ 12:00pm All ages show $15 advance/$20 door The duo that call themselves T..,36.1788138,-80.3378077,https://www.eventbrite.com/e/the-war-and-treaty-tickets-43455767370?aff=ebapi,2018-04-11T20:00:00,2018-04-11T22:30:00,https://img.evbuc.com/https%3A%2F%2Fcdn.evbuc.com%2Fimages%2F41275715%2F168889936475%2F1%2Foriginal.jpg?h=200&w=450&rect=0%2C0%2C5760%2C2880&s=090c80a4e649f2f081d7efa3243bb305,Muddy Creek Cafe and Music Hall,"5455 Bethania Road, Winston-Salem, NC 27106"
Antigone Rising with Christy Snow.,"All ages show $15 anvance/$20 door Best known for relentless touring and masterful musicianship, Ant..",36.1788138,-80.3378077,https://www.eventbrite.com/e/antigone-rising-with-christy-snow-tickets-41175971439?aff=ebapi,2018-04-12T20:00:00,2018-04-12T23:00:00,https://img.evbuc.com/https%3A%2F%2Fcdn.evbuc.com%2Fimages%2F38559890%2F168889936475%2F1%2Foriginal.jpg?h=200&w=450&rect=0%2C0%2C1200%2C600&s=ea0617a1b828cacd2271040199409037,Muddy Creek Cafe and Music Hall,"5455 Bethania Road, Winston-Salem, NC 27106"
Hustle Souls,"all ages show $12 advance/$15 door Once upon a time in the budding music-mecca of Asheville, NC, a m..",36.1788138,-80.3378077,https://www.eventbrite.com/e/hustle-souls-tickets-41545878842?aff=ebapi,2018-04-14T20:00:00,2018-04-14T23:00:00,https://img.evbuc.com/https%3A%2F%2Fcdn.evbuc.com%2Fimages%2F38969165%2F168889936475%2F1%2Foriginal.jpg?h=200&w=450&rect=0%2C76%2C1920%2C960&s=d1a903cbde9abec0ab4c9f8b6deeb52e,Muddy Creek Cafe and Music Hall,"5455 Bethania Road, Winston-Salem, NC 27106"
REGGAE SUNDAYZ,Reggae Sunday’s @ Absolute Lounge,36.147958,-80.2255252,https://www.eventbrite.com/e/reggae-sundayz-tickets-44428234044?aff=ebapi,2018-04-15T21:00:00,2018-04-16T02:00:00,https://img.evbuc.com/https%3A%2F%2Fcdn.evbuc.com%2Fimages%2F42554062%2F249689807903%2F1%2Foriginal.jpg?h=200&w=450&rect=0%2C47%2C1070%2C535&s=103bace0a2886fdf51c144488f1b03d6,Absolute Lounge,"4218 Liberty Street, WINSTON SALEM, North Carolina 27105"
Dr. Eben Alexander & Karen Newell - Living In A Mindful Universe,All ages show $55 advance/$60 door LIVING IN A MINDFUL UNIVERSE (A Neurosurgeon's Journey into the H..,36.1788138,-80.3378077,https://www.eventbrite.com/e/dr-eben-alexander-karen-newell-living-in-a-mindful-universe-tickets-42428554950?aff=ebapi,2018-04-15T18:00:00,2018-04-15T20:30:00,https://img.evbuc.com/https%3A%2F%2Fcdn.evbuc.com%2Fimages%2F39913774%2F168889936475%2F1%2Foriginal.jpg?h=200&w=450&rect=10%2C20%2C1170%2C585&s=f19fc874c3a84f60455f08e5083522d2,Muddy Creek Cafe and Music Hall,"5455 Bethania Road, Winston-Salem, NC 27106"
Dori Freeman,All ages show $15 advance/$18 door The New York Times named Freeman’s self-titled debut—an honest an..,36.1788138,-80.3378077,https://www.eventbrite.com/e/dori-freeman-tickets-41951396757?aff=ebapi,2018-04-13T20:00:00,2018-04-13T22:30:00,https://img.evbuc.com/https%3A%2F%2Fcdn.evbuc.com%2Fimages%2F39339679%2F168889936475%2F1%2Foriginal.jpg?h=200&w=450&rect=80%2C43%2C982%2C491&s=7e9b939ff804ff47d8ef23ec4427e6a2,Muddy Creek Cafe and Music Hall,"5455 Bethania Road, Winston-Salem, NC 27106"
2018 Pinwheel Gala,"Thanks to generous donors like you, more children in northwest North Carolina are growing up in safe..",36.0963025,-80.2479182,https://www.eventbrite.com/e/2018-pinwheel-gala-tickets-42843238279?aff=ebapi,2018-04-13T18:00:00,2018-04-13T22:00:00,https://img.evbuc.com/https%3A%2F%2Fcdn.evbuc.com%2Fimages%2F42087629%2F205024779074%2F1%2Foriginal.jpg?h=200&w=450&rect=0%2C13%2C1200%2C600&s=e674f6a88234dc84cd76339ba577c4b2,Milton Rhodes Center for the Arts,"251 Spruce Street North, Winston-Salem, NC 27101"
 4th Annual Twin City Youth Slam: Winston-Salem Forsyth County Schools/Forsyth Middle College/Office of Multicultural Education/The Poetry Project,Youth Slam competitors will be selected on a first come/first served basis (2 competitors per school..,36.0694251,-80.2727327,https://www.eventbrite.com/e/4th-annual-twin-city-youth-slam-winston-salem-forsyth-county-schoolsforsyth-middle-collegeoffice-of-tickets-43177243297?aff=ebapi,2018-04-13T10:30:00,2018-04-13T15:00:00,https://img.evbuc.com/https%3A%2F%2Fcdn.evbuc.com%2Fimages%2F40935241%2F198694527338%2F1%2Foriginal.jpg?h=200&w=450&rect=3%2C0%2C1868%2C934&s=6193011ddcf8b2235bc923cacb2b6ccd,Robert L. Strickland Conference Center,"Forsyth Technical Community College 1615 Miller Street , Winston-Salem, NC 27103"
Seussical Jr.,"""Oh, the thinks you can think"" when Dr. Seuss' best-loved characters collide and cavort in an unforg..",35.7448222,-81.5667551,https://www.eventbrite.com/e/seussical-jr-tickets-42446664115?aff=ebapi,2018-04-14T19:00:00,2018-04-14T21:00:00,https://img.evbuc.com/https%3A%2F%2Fcdn.evbuc.com%2Fimages%2F39938848%2F19672814434%2F1%2Foriginal.jpg?h=200&w=450&rect=0%2C14%2C496%2C248&s=c56ff6474a6105bb7473a4631c3006b9,Old Rock School,"400 Main Street West, Valdese, NC 28690"
"Cliff Dwellers Gallery Class ""Beginning Dulcimer""",“Beginning Dulcimer” Learn the basic techniques for playing the Mountain Dulcimer. This will include..,35.742781,-83.4571239,https://www.eventbrite.com/e/cliff-dwellers-gallery-class-beginning-dulcimer-tickets-41149479200?aff=ebapi,2018-04-13T17:00:00,2018-04-14T06:30:00,https://img.evbuc.com/https%3A%2F%2Fcdn.evbuc.com%2Fimages%2F38540663%2F165106304158%2F1%2Foriginal.jpg?h=200&w=450&rect=12%2C0%2C404%2C202&s=a01a823f94aad0df1a0fcc9818301e3a,Cliff Dwellers Gallery,"668 Glades Road, Gatlinburg, TN 37738"
BRAVE CONFERENCE,We are so excited about our third annual Beautifully Designed Conference. This day is for you to bri..,35.7721908,-83.9344327,https://www.eventbrite.com/e/brave-conference-tickets-41346572712?aff=ebapi,2018-04-14T17:00:00,2018-04-14T20:00:00,https://img.evbuc.com/https%3A%2F%2Fcdn.evbuc.com%2Fimages%2F40084485%2F88723343179%2F1%2Foriginal.jpg?h=200&w=450&rect=0%2C39%2C2100%2C1050&s=0a5b94a1992ce7cbe34cc929ef6e64ee,East Maryville Baptist Church,"1150 East Brown School Road, Maryville, TN 37804"
BIRDS AND BISCUITS AT IJAMS: Spring Migratory Birds,(Recommended for ages 8 and up) They're colorful. They're musical. They are present year-round and c..,35.9560133,-83.8679015,https://www.eventbrite.com/e/birds-and-biscuits-at-ijams-spring-migratory-birds-tickets-42040888429?aff=ebapi,2018-04-14T10:00:00,2018-04-14T12:00:00,https://img.evbuc.com/https%3A%2F%2Fcdn.evbuc.com%2Fimages%2F39442208%2F158371307905%2F1%2Foriginal.jpg?h=200&w=450&rect=0%2C103%2C888%2C444&s=d80a30d7ac66fdf6b599b14db6a5fb98,Ijams Nature Center,"2915 Island Home Avenue, Knoxville, TN 37920"
Free Friday featuring The Sedonas and Grant Maloy Smith,"Open Chord presents: Free Friday w/ The SedonasGrant Maloy Smith April, 13th Free | All Ages This Fr..",35.921733,-84.062345,https://www.eventbrite.com/e/free-friday-featuring-the-sedonas-and-grant-maloy-smith-tickets-44290065779?aff=ebapi,2018-04-13T20:00:00,2018-04-13T23:00:00,https://img.evbuc.com/https%3A%2F%2Fcdn.evbuc.com%2Fimages%2F42378645%2F174140593581%2F1%2Foriginal.jpg?h=200&w=450&rect=0%2C58%2C1920%2C960&s=1bf60c532323167cf6a42557f22b6327,Open Chord Music,"8502 Kingston Pike, Knoxville, TN 37919"
The Music of Nashville: A Magical Journey,Nashville's Hottest New Live Show! Join us in Nashville's Historic Texas Troubadour Theatre as we ta..,36.2199215,-86.6968907,https://www.eventbrite.com/e/the-music-of-nashville-a-magical-journey-tickets-42774585938?aff=ebapi,2018-04-11T19:30:00,2018-04-11T21:30:00,https://img.evbuc.com/https%3A%2F%2Fcdn.evbuc.com%2Fimages%2F40452914%2F225684913707%2F1%2Foriginal.jpg?h=200&w=450&rect=0%2C62%2C2160%2C1080&s=dc7430d81d91035bfbb367613df1143d,Texas Troubadour Theatre,"2416 Music Valley Drive, Nashville, TN 37214"
Music City Legal Hackathon 2.0,"The Music City Legal Hackathon is returning! MC Legal Hackathon 2.0 brings together lawyers, legal s..",36.1480088,-86.8002992,https://www.eventbrite.com/e/music-city-legal-hackathon-20-tickets-40843657479?aff=ebapi,2018-04-14T08:00:00,2018-04-14T16:30:00,https://img.evbuc.com/https%3A%2F%2Fcdn.evbuc.com%2Fimages%2F38185502%2F188850292710%2F1%2Foriginal.jpg?h=200&w=450&rect=0%2C0%2C2160%2C1080&s=0f2f320a119e6b349df5ed66f360d9a7,Vanderbilt Law School,"131 21st Avenue South, Nashville, TN 37203"
Music To Draw To | Kid Koala,"Kid Koala | Music To Draw To 21c Museum Hotel Nashville Sunday, April 15 | 6PM An Evening Of Quiet T..",36.1652812,-86.7773371,https://www.eventbrite.com/e/music-to-draw-to-kid-koala-tickets-38853728548?aff=ebapi,2018-04-15T18:00:00,2018-04-15T21:00:00,https://img.evbuc.com/https%3A%2F%2Fcdn.evbuc.com%2Fimages%2F36538270%2F157348517138%2F1%2Foriginal.jpg?h=200&w=450&rect=0%2C23%2C192%2C96&s=7222c8b3af13022fa327845f45d452c3,21c Museum Hotel Nashville,"221 2nd Avenue North, Nashville, TN 37201"
URBAN MUSIC EXPERIENCE IV,The Urban League Young Professionals of Middle Tennessee Presents… The Urban Music Experience IV! Th..,36.1801681,-86.8034318,https://www.eventbrite.com/e/urban-music-experience-iv-tickets-29265124776?aff=ebapi,2018-04-13T19:00:00,2018-04-13T22:00:00,https://img.evbuc.com/https%3A%2F%2Fcdn.evbuc.com%2Fimages%2F39401450%2F48654679248%2F1%2Foriginal.jpg?h=200&w=450&rect=0%2C359%2C1500%2C750&s=8da2d6ff8d8c58fc52dda82909eb92aa,Moguls Lounge,"1003 Buchanan St, Nashville, TN 37208"
LIVE MUSIC - TRACK45 in the Whiskey Room Live,Join us as we welcome back one of our favorite bands to the Red Velvet Stage - Track45. These three ..,35.954409,-86.814557,https://www.eventbrite.com/e/live-music-track45-in-the-whiskey-room-live-tickets-44374581568?aff=ebapi,2018-04-15T17:00:00,2018-04-15T20:00:00,https://img.evbuc.com/https%3A%2F%2Fcdn.evbuc.com%2Fimages%2F42477320%2F243361177437%2F1%2Foriginal.jpg?h=200&w=450&rect=0%2C104%2C2048%2C1024&s=85eb4808e84811bfe700b506c93f0afa,Whiskey Room Live - Franklin,"1910 Galleria Boulevard, Franklin, TN 37067"
Project Underground 2018,"Octo Music Group and Innovo Management, LLC team up to bring you PROJECT UNDERGROUND - Nashville's N..",36.1306394,-86.765846,https://www.eventbrite.com/e/project-underground-2018-tickets-44086176942?aff=ebapi,2018-04-13T21:00:00,2018-04-14T01:55:00,https://img.evbuc.com/https%3A%2F%2Fcdn.evbuc.com%2Fimages%2F42476683%2F195799215036%2F1%2Foriginal.jpg?h=200&w=450&rect=0%2C60%2C2048%2C1024&s=ee21546a6ec537f743a79c511729b8f8,The Fairgrounds Nashville,"500 Wedgewood Ave., Nashville, TN 37203"
"""Roots On The Road"" at The Nashville Palace ft: ""Little Jimmy Dickens Tribute"" with Tim O'Brien, Kathy Mattea, Connie Smith, Carpenter Ants, John Ellison & Todd Burge","MCR PRESENTS: ""Roots On The Road"" at The Nashville Palace - A Little Jimmy Dickens Tribute Show Feat..",36.2176472,-86.6982282,https://www.eventbrite.com/e/roots-on-the-road-at-the-nashville-palace-ft-little-jimmy-dickens-tribute-with-tim-obrien-kathy-tickets-42751247131?aff=ebapi,2018-04-11T19:00:00,2018-04-11T22:00:00,https://img.evbuc.com/https%3A%2F%2Fcdn.evbuc.com%2Fimages%2F40614918%2F33274622233%2F1%2Foriginal.jpg?h=200&w=450&rect=0%2C0%2C2160%2C1080&s=02a7d23d42fc5b1c27df9383381f3dd4,The Nashville Palace,"2611 McGavock Pike, Nashville, TN 37214"
Leipers Fork Bluegrass Group,Join us for an evening of bluegrass gospel music with Leipers Fork Bluegrass Group.,36.05909,-86.721249,https://www.eventbrite.com/e/leipers-fork-bluegrass-group-tickets-41628602270?aff=ebapi,2018-04-12T19:00:00,2018-04-12T21:00:00,https://img.evbuc.com/https%3A%2F%2Fcdn.evbuc.com%2Fimages%2F39057296%2F238128046159%2F1%2Foriginal.jpg?h=200&w=450&rect=0%2C91%2C1600%2C800&s=99788588ce51a9c4b2eb0269366aef54,Tusculum Cumberland Presbyterian,"477 McMurray Drive, Nashville, TN 37211"
Megan & Liz Video Release Party @ Story Forge,Come hang out with the vibrant country/pop duo Megan and Liz and celebrate the release of their late..,36.147556,-86.745895,https://www.eventbrite.com/e/megan-liz-video-release-party-story-forge-tickets-44383327728?aff=ebapi,2018-04-13T19:00:00,2018-04-13T22:00:00,https://img.evbuc.com/https%3A%2F%2Fcdn.evbuc.com%2Fimages%2F42491481%2F249518858576%2F1%2Foriginal.jpg?h=200&w=450&rect=0%2C183%2C1000%2C500&s=0ff9985c5e05e5096f856721a51abb20,Story Forge,"720 Rundle Avenue, Nashville, TN 37210"
TIM MCDONALD in the WHISKEY ROOM LIVE,"Tim McDonald in the Whiskey Room Live Saturday, April 14 2018 Show starts at 6:30 Special Guest.. TB..",35.954409,-86.814557,https://www.eventbrite.com/e/tim-mcdonald-in-the-whiskey-room-live-tickets-43223488618?aff=ebapi,2018-04-14T18:30:00,2018-04-14T22:00:00,https://img.evbuc.com/https%3A%2F%2Fcdn.evbuc.com%2Fimages%2F40994473%2F243361177437%2F1%2Foriginal.jpg?h=200&w=450&rect=17%2C0%2C1950%2C975&s=f3fee353691af8f4e25c8f3a2e25d52a,Whiskey Room Live - Franklin,"1910 Galleria Boulevard, Franklin, TN 37067"
"Kid Koala | Satellite | April 14, 2018","OZ Arts welcomes back world-renowned scratch DJ, music producer and award-winning graphic novelist K..",36.179702,-86.891222,https://www.eventbrite.com/e/kid-koala-satellite-april-14-2018-tickets-43442786544?aff=ebapi,2018-04-14T20:00:00,2018-04-14T23:00:00,https://img.evbuc.com/https%3A%2F%2Fcdn.evbuc.com%2Fimages%2F41304308%2F79725947215%2F1%2Foriginal.jpg?h=200&w=450&rect=0%2C96%2C1150%2C575&s=0d8d360eda2fca6f191faab60144a0d9,OZ Arts Nashville,"6172 Cockrill Bend Circle, Nashville, TN 37209"
"Kid Koala | Satellite | April 15, 2018","OZ Arts welcomes back world-renowned scratch DJ, music producer and award-winning graphic novelist K..",36.179702,-86.891222,https://www.eventbrite.com/e/kid-koala-satellite-april-15-2018-tickets-43442905901?aff=ebapi,2018-04-15T14:00:00,2018-04-15T15:30:00,https://img.evbuc.com/https%3A%2F%2Fcdn.evbuc.com%2Fimages%2F41258379%2F79725947215%2F1%2Foriginal.jpg?h=200&w=450&rect=0%2C96%2C1150%2C575&s=b98890ce774ff6a3a8e76412d90689b3,OZ Arts Nashville,"6172 Cockrill Bend Circle, Nashville, TN 37209"
"Kid Koala | Satellite | April 13, 2018","OZ Arts welcomes back world-renowned scratch DJ, music producer and award-winning graphic novelist K..",36.179702,-86.891222,https://www.eventbrite.com/e/kid-koala-satellite-april-13-2018-tickets-42998981110?aff=ebapi,2018-04-13T20:00:00,2018-04-13T23:00:00,https://img.evbuc.com/https%3A%2F%2Fcdn.evbuc.com%2Fimages%2F41258281%2F79725947215%2F1%2Foriginal.jpg?h=200&w=450&rect=0%2C96%2C1150%2C575&s=3d9e377374f3e11aa984837e3a74dd21,OZ Arts Nashville,"6172 Cockrill Bend Circle, Nashville, TN 37209"
Goat Yoga by Shenanigoats with Lucy,COME SEE WHY GOAT YOGA WITH SHENANIGOATS WAS RATED THE #1 THING TO DO IN NASHVILLE BY THE TENNESSEAN..,36.263597,-86.756294,https://www.eventbrite.com/e/goat-yoga-by-shenanigoats-with-lucy-tickets-43320926056?aff=ebapi,2018-04-15T12:00:00,2018-04-15T13:00:00,https://img.evbuc.com/https%3A%2F%2Fcdn.evbuc.com%2Fimages%2F41109409%2F214771422311%2F1%2Foriginal.jpg?h=200&w=450&rect=0%2C345%2C1014%2C507&s=ba785341effad919f7e32f3a433fd353,Shenanigoats Yoga Studio,"1046 WESTCHESTER DRIVE, NASHVILLE, TN 37115"
Goat Yoga by Shenanigoats with Lucy,COME SEE WHY GOAT YOGA WITH SHENANIGOATS WAS RATED THE #1 THING TO DO IN NASHVILLE BY THE TENNESSEAN..,36.263597,-86.756294,https://www.eventbrite.com/e/goat-yoga-by-shenanigoats-with-lucy-tickets-43320965173?aff=ebapi,2018-04-15T13:30:00,2018-04-15T14:30:00,https://img.evbuc.com/https%3A%2F%2Fcdn.evbuc.com%2Fimages%2F41109483%2F214771422311%2F1%2Foriginal.jpg?h=200&w=450&rect=0%2C345%2C1014%2C507&s=58e371e0e416ce1242a54decc72f47a1,Shenanigoats Yoga Studio,"1046 WESTCHESTER DRIVE, NASHVILLE, TN 37115"
Saturdays at 9 Bar,"If you're looking for a sexy place to eat, lounge, and enjoy dope music with progressive people, loo..",36.0468245,-86.6652402,https://www.eventbrite.com/e/saturdays-at-9-bar-tickets-43413493929?aff=ebapi,2018-04-14T21:00:00,2018-04-15T02:00:00,https://img.evbuc.com/https%3A%2F%2Fcdn.evbuc.com%2Fimages%2F41479452%2F225581327645%2F1%2Foriginal.jpg?h=200&w=450&rect=96%2C0%2C1042%2C521&s=29befefdc28b441d862046abb015eaf5,9ine Bar/Lounge,"1141 Bell Road, Antioch, TN 37013"
Wine & Grind: Happy Hour Networking and Mixer,Start off every weekend right…join us on Fridays starting at 5pm for our weekly kick back and networ..,36.1738069,-86.7900909,https://www.eventbrite.com/e/wine-grind-happy-hour-networking-and-mixer-tickets-37898128322?aff=ebapi,2018-04-13T18:30:00,2018-04-13T23:00:00,https://img.evbuc.com/https%3A%2F%2Fcdn.evbuc.com%2Fimages%2F35369435%2F226588443450%2F1%2Foriginal.jpg?h=200&w=450&rect=0%2C140%2C1274%2C637&s=c62760b86f5b64f12a7197dbe092be37,theLAB Nashville,"624 Jefferson Street, Nashville, TN 37208"
LOSIEL AT BEATSBARSLAUGHS,BEATS BARS LAUGHS is a complete comedy experience that showcases top of the line talent from near an..,36.0469017,-86.6652596,https://www.eventbrite.com/e/losiel-at-beatsbarslaughs-tickets-44064619463?aff=ebapi,2018-04-14T18:30:00,2018-04-14T21:00:00,https://img.evbuc.com/https%3A%2F%2Fcdn.evbuc.com%2Fimages%2F42310834%2F68127045297%2F1%2Foriginal.jpg?h=200&w=450&rect=0%2C272%2C2780%2C1390&s=426364e21834efdc572f0926a7f49490,9 Bar \ Lounge,"1141 Bell Road, Nashville, TN 37013"
The Set: Crush On You Edition (Dedication to Lil Kim),It's 2018!!! Did you miss us? The Set Series prepares another installment of it's bi-monthly event w..,36.1642942,-86.7794457,https://www.eventbrite.com/e/the-set-crush-on-you-edition-dedication-to-lil-kim-tickets-44069057738?aff=ebapi,2018-04-13T21:00:00,2018-04-14T02:00:00,https://img.evbuc.com/https%3A%2F%2Fcdn.evbuc.com%2Fimages%2F42038398%2F8241762297%2F1%2Foriginal.jpg?h=200&w=450&rect=0%2C51%2C1280%2C640&s=3c683365c4aa95a1ba843df2d62ec635,,"TBA , nashville, tn 37207"
[title of show],"Jeff and Hunter, two struggling writers, hear about a new musical theatre festival. However, the dea..",36.1476002,-86.8131837,https://www.eventbrite.com/e/title-of-show-tickets-44318607147?aff=ebapi,2018-04-13T19:00:00,2018-04-13T21:00:00,https://img.evbuc.com/https%3A%2F%2Fcdn.evbuc.com%2Fimages%2F42393991%2F249257930778%2F1%2Foriginal.jpg?h=200&w=450&rect=110%2C81%2C678%2C339&s=ccbeda0d0b8fddd82cdeff188e564dbc,Centennial Black Box Theatre,"211 27th Avenue North, Nashville, TN 37201"
Featured Artist Showcase,Join us at the Whiskey Room Live as we welcome some talented artists to our stage.Sit back and liste..,35.954409,-86.814557,https://www.eventbrite.com/e/featured-artist-showcase-tickets-44368300782?aff=ebapi,2018-04-12T19:00:00,2018-04-12T22:00:00,https://img.evbuc.com/https%3A%2F%2Fcdn.evbuc.com%2Fimages%2F42466426%2F243361177437%2F1%2Foriginal.jpg?h=200&w=450&rect=12%2C0%2C1386%2C693&s=0302bb721a6f3e50fa98d9c962563f37,Whiskey Room Live - Franklin,"1910 Galleria Boulevard, Franklin, TN 37067"
REVIVE: A Night of Worship,Come join us for our second annual worship night in the Curb Event Center at Belmont University. We ..,36.132314,-86.7945579,https://www.eventbrite.com/e/revive-a-night-of-worship-tickets-44276576432?aff=ebapi,2018-04-13T19:00:00,2018-04-13T20:30:00,https://img.evbuc.com/https%3A%2F%2Fcdn.evbuc.com%2Fimages%2F42339134%2F129547511881%2F1%2Foriginal.jpg?h=200&w=450&rect=0%2C39%2C1152%2C576&s=8b01352af6fcbaae6930648350754654,Curb Event Center,"2000 Belmont Boulevard, Nashville, TN 37212"
Poetry in Motion Celebration Day 2018,"Metro Arts, Nashville Metropolitan Transit Authority (MTA), and elected city officials invite you to..",36.166447,-86.7815176,https://www.eventbrite.com/e/poetry-in-motion-celebration-day-2018-tickets-44119571827?aff=ebapi,2018-04-16T16:00:00,2018-04-16T18:00:00,https://img.evbuc.com/https%3A%2F%2Fcdn.evbuc.com%2Fimages%2F42339134%2F129547511881%2F1%2Foriginal.jpg?h=200&w=450&rect=0%2C39%2C1152%2C576&s=8b01352af6fcbaae6930648350754654,Curb Event Center,"2000 Belmont Boulevard, Nashville, TN 37212"
#PLUGGEDIN NA$HVILLE WITH LIL QUILL & YUNG MAL | THOOD,PLUG$ APPAREL U$A & PLUG$ RECORDS Presents #PLUGGEDIN NA$HVILLE with Yung Mal | Lil Quill and THOOD ..,36.1718557,-86.673047,https://www.eventbrite.com/e/pluggedin-nahville-with-lil-quill-yung-mal-thood-tickets-44298689573?aff=ebapi,2018-04-13T20:00:00,2018-04-14T01:00:00,https://img.evbuc.com/https%3A%2F%2Fcdn.evbuc.com%2Fimages%2F42512200%2F249164652368%2F1%2Foriginal.jpg?h=200&w=450&rect=0%2C603%2C2800%2C1400&s=912e4acfc7dc510eb8c5c9ee41992f1b,DMG Studios of Nashville,"217 Shady Grove Road, Nashville, TN 37214"
Nashville Cherry Blossom Festival ,The Nashville Cherry Blossom Festival is a family-friendly celebration of spring and Japanese cultur..,36.1672616,-86.7784762,https://www.eventbrite.com/e/nashville-cherry-blossom-festival-tickets-39307265088?aff=ebapi,2018-04-14T09:45:00,2018-04-14T17:00:00,https://img.evbuc.com/https%3A%2F%2Fcdn.evbuc.com%2Fimages%2F37072604%2F103932074249%2F1%2Foriginal.jpg?h=200&w=450&rect=0%2C494%2C5184%2C2592&s=91630b2dc4ac660ae9352efba194dfaf,Public Square Nashville,"1 Public Square, Nashville, TN 37201"
Guitar Build Workshop,Come join us for an eight hour workshop where we’ll teach you the art of guitar building. Our staff ..,36.1819879,-86.790364,https://www.eventbrite.com/e/guitar-build-workshop-tickets-40907367036?aff=ebapi,2018-04-14T09:00:00,2018-04-14T17:00:00,https://img.evbuc.com/https%3A%2F%2Fcdn.evbuc.com%2Fimages%2F32204738%2F190484323414%2F1%2Foriginal.jpg?h=200&w=450&rect=0%2C0%2C2160%2C1080&s=ff42502050cb1d6837f0cc26ab174db1,Guitar Build Workshop,"1606 4th Avenue North, Nashville, TN 37208"
2018 Nashville Wine and Food Festival,"Corkdorks Wine, Spirits, Beer will present the 5th Annual Nashville Wine and Food Festival this year..",36.1708677,-86.7874849,https://www.eventbrite.com/e/2018-nashville-wine-and-food-festival-tickets-42908502486?aff=ebapi,2018-04-14T12:00:00,2018-04-14T16:00:00,https://img.evbuc.com/https%3A%2F%2Fcdn.evbuc.com%2Fimages%2F40557563%2F180158125495%2F1%2Foriginal.jpg?h=200&w=450&rect=0%2C0%2C2048%2C1024&s=46e7ccb8a3f2bafe3c6dc5aab35c395e,Bicentennial Capitol Mall State Park,"600 James Robertson Parkway, Nashville, TN 37243"
HOW NOT TO SUCK (When Performing Your Songs),"*4 Wednesday evenings 7 - 9 pm April 4, 11, 18, 25 *To register, select April 4 and you will be sign..",36.082088,-86.747101,https://www.eventbrite.com/e/how-not-to-suck-when-performing-your-songs-tickets-42805356975?aff=ebapi,2018-04-11T19:00:00,2018-04-11T21:00:00,https://img.evbuc.com/https%3A%2F%2Fcdn.evbuc.com%2Fimages%2F40432954%2F71470240989%2F1%2Foriginal.jpg?h=200&w=450&rect=0%2C3%2C2476%2C1238&s=d6326b7ed692a0452127ceb923481673,Bobby's Studio,"557 Elaine Drive, Nashville, TN 37211"
Conversation with Hanif Abdurraqib,"Join us at Jeni’s East Nashville for an intimate conversation with Columbus author Hanif Abdurraqib,..",36.1825,-86.7356,https://www.eventbrite.com/e/conversation-with-hanif-abdurraqib-tickets-44241000022?aff=ebapi,2018-04-16T17:30:00,2018-04-16T18:30:00,https://img.evbuc.com/https%3A%2F%2Fcdn.evbuc.com%2Fimages%2F42292092%2F222256826908%2F1%2Foriginal.jpg?h=200&w=450&rect=0%2C414%2C1536%2C768&s=ab996d04cdb7f0aaceb43b6ed9493830,Jeni's East Nashville,"1892 Eastland Ave, Nashville, TN 37206"
Hot Chick'N & Art Show ,Tri Group Presents: The Cultures Moving Underground Art Show featuring: -50+ Emerging Artists-Live B..,36.2493644,-86.7383377,https://www.eventbrite.com/e/hot-chickn-art-show-tickets-37506999445?aff=ebapi,2018-04-14T18:00:00,2018-04-14T23:00:00,https://img.evbuc.com/https%3A%2F%2Fcdn.evbuc.com%2Fimages%2F39400446%2F224876138636%2F1%2Foriginal.jpg?h=200&w=450&rect=0%2C37%2C1934%2C967&s=576ddda8e338131c8f04730cb9f3372f,Golden Rule Event Center,"509 Lentz Dr , Madison, Tn 37115"
Songs and Melodies,"Artist Olga Alexeeva writes, ""You are invited to visit my expressions on canvas and share my joy of ..",36.1640511,-86.796388,https://www.eventbrite.com/e/songs-and-melodies-tickets-43755391554?aff=ebapi,2018-04-12T18:00:00,2018-04-12T19:30:00,https://img.evbuc.com/https%3A%2F%2Fcdn.evbuc.com%2Fimages%2F41643075%2F67987887967%2F1%2Foriginal.jpg?h=200&w=450&rect=0%2C105%2C1152%2C576&s=db97117d97c97835038c6ae471a93ac4,"""O"" Gallery","1305 Clinton Street Suite 120, Nashville, TN 37203"
I Love the 90's Bash - Nashville,"Alright stop, collaborate and listen!! The I Love the 90's Bash is coming to Nashville Saturday Apri..",36.1495749,-86.7968607,https://www.eventbrite.com/e/i-love-the-90s-bash-nashville-tickets-42230123436?aff=ebapi,2018-04-14T14:00:00,2018-04-14T22:00:00,https://img.evbuc.com/https%3A%2F%2Fcdn.evbuc.com%2Fimages%2F41247928%2F196166371264%2F1%2Foriginal.jpg?h=200&w=450&rect=0%2C51%2C1800%2C900&s=ec4475d2cae4b2cfe2c8e2858c8fe6c1,Nashville Area Bars,"1913 Division Street, Nashville, TN 37203"
Moonlight Social EP Release Show,Let's party.We're beyond excited to finally put our new 'Make You Smile' EP out to the world! And fo..,36.1745543,-86.7617849,https://www.eventbrite.com/e/moonlight-social-ep-release-show-tickets-44241214664?aff=ebapi,2018-04-12T19:00:00,2018-04-12T22:00:00,https://img.evbuc.com/https%3A%2F%2Fcdn.evbuc.com%2Fimages%2F42292451%2F248894880089%2F1%2Foriginal.jpg?h=200&w=450&rect=0%2C0%2C2160%2C1080&s=9ad205578ea3f82368f8b1292d60c2a4,H.O.M.E.,"615 Main Street, Nashville, TN 37206"
Goat Yoga by Shenanigoats with Lucy,COME SEE WHY GOAT YOGA WITH SHENANIGOATS WAS RATED THE #1 THING TO DO IN NASHVILLE BY THE TENNESSEAN..,36.263597,-86.756294,https://www.eventbrite.com/e/goat-yoga-by-shenanigoats-with-lucy-tickets-42241244700?aff=ebapi,2018-04-13T11:00:00,2018-04-13T12:00:00,https://img.evbuc.com/https%3A%2F%2Fcdn.evbuc.com%2Fimages%2F39679042%2F214771422311%2F1%2Foriginal.jpg?h=200&w=450&rect=0%2C319%2C1014%2C507&s=aa11fbc6871c001f407b079dbf0a0404,Shenanigoats Yoga Studio,"1046 WESTCHESTER DRIVE, NASHVILLE, TN 37115"
DREAM BIG Spring Scholarship Bash,"eMpowerment Inc. presents the Dream Big Spring Scholarship Bash filled with good food, good music an..",36.0248904,-86.7119262,https://www.eventbrite.com/e/dream-big-spring-scholarship-bash-tickets-43328644141?aff=ebapi,2018-04-14T18:00:00,2018-04-14T22:00:00,https://img.evbuc.com/https%3A%2F%2Fcdn.evbuc.com%2Fimages%2F41117448%2F58991664151%2F1%2Foriginal.jpg?h=200&w=450&rect=0%2C200%2C1080%2C540&s=0a52cb9469edf996659726b8e9c49525,Peacock Ballroom,"6900 Lenox Village Drive, Nashville, TN"
Steve Hobbs,"Rudy's Jazz Room is proud to welcome vibraphonist Steve Hobbs, one of the leading jazz vibraphonists..",36.15185,-86.779864,https://www.eventbrite.com/e/steve-hobbs-tickets-44275557384?aff=ebapi,2018-04-15T18:00:00,2018-04-15T20:30:00,https://img.evbuc.com/https%3A%2F%2Fcdn.evbuc.com%2Fimages%2F42337685%2F220945843818%2F1%2Foriginal.jpg?h=200&w=450&rect=0%2C37%2C584%2C292&s=f7ced4ade9576b8528be7354d08bf8cb,Rudy's Jazz Room,"809 Gleaves Street, Nashville, TN 37203"
NCT Opening Night Educator Events 2017-18,Please be our guest for a special Opening Night Educator Event at NCT! Tickets to the performance ar..,36.1549538,-86.7691796,https://www.eventbrite.com/e/nct-opening-night-educator-events-2017-18-tickets-33599391685?aff=ebapi,2018-04-12T17:00:00,2018-04-12T20:00:00,https://img.evbuc.com/https%3A%2F%2Fcdn.evbuc.com%2Fimages%2F30266558%2F5096429014%2F1%2Foriginal.jpg?h=200&w=450&rect=0%2C0%2C2160%2C1080&s=3d88a15af57c1bede457f0ac92ddd746,Nashville Children's Theatre,"25 Middleton St, Nashville, TN 37210"
Develop a Successful Holographic & Augmented Reality Startup Today! Nashville,Learn to Develop a Successful Holographic & Augmented Reality Startup Company Today! Always wanted t..,36.1626638,-86.7816016,https://www.eventbrite.com/e/develop-a-successful-holographic-augmented-reality-startup-today-nashville-tickets-43526983379?aff=ebapi,2018-04-12T13:00:00,2018-04-12T17:00:00,https://img.evbuc.com/https%3A%2F%2Fcdn.evbuc.com%2Fimages%2F41365431%2F233567016891%2F1%2Foriginal.jpg?h=200&w=450&rect=0%2C25%2C800%2C400&s=fc796df4b65db2864f1d5d0d5db8c156,Nashville Holographic & Augmented Reality Startup Conference,"Nashville, Nashville"
Develop a Successful Virtual Reality Startup Today! Nashville,Learn to Develop a Successful Virtual Reality Startup Company Today! Always wanted to start an tech ..,36.1626638,-86.7816016,https://www.eventbrite.com/e/develop-a-successful-virtual-reality-startup-today-nashville-tickets-43590562546?aff=ebapi,2018-04-12T13:00:00,2018-04-12T17:00:00,https://img.evbuc.com/https%3A%2F%2Fcdn.evbuc.com%2Fimages%2F41447521%2F233567016891%2F1%2Foriginal.jpg?h=200&w=450&rect=0%2C20%2C620%2C310&s=607a7ad0e55ed10d9d30e1422e6687c0,Nashville VR Startup Conference,"Nashville, Nashville"
